<?xml version="1.0" encoding="UTF-8"?>
<!DOCTYPE mapper PUBLIC "-//mybatis.org//DTD Mapper 3.0//EN" "http://mybatis.org/dtd/mybatis-3-mapper.dtd">

<mapper namespace="com.simplecoding.simpledms.mapper.review.ReviewMapper">
    <select id="selectReviewList"
            parameterType="Criteria"
            resultType="Review">
        SELECT * FROM REVIEWS
        WHERE TITLE LIKE '%' || #{searchKeyword} || '%'
        OFFSET #{pageIndex} * #{recordCountPerPage} ROWS FETCH NEXT #{recordCountPerPage} ROWS ONLY
    </select>

    <select id="selectReviewListTotCnt"
            parameterType="Criteria"
            resultType="int">
        SELECT COUNT(*)
        FROM REVIEWS
        WHERE TITLE LIKE '%' || #{searchKeyword} || '%'
    </select>

    <insert id="insert" parameterType="Review">
        INSERT INTO REVIEWS (
        REVIEW_ID,
        TITLE,
        CONTENT,
        RATING,
        IMAGE_URL,
        AUTHOR_EMAIL,
        TARGET_ID,
        CREATED_AT,
        UPDATED_AT,
        IMAGE_DATA
        ) VALUES (
        INT_SEQ.NEXTVAL,
        #{title},
        #{content},
        #{rating},
        #{imageUrl},
        #{authorEmail},
        #{targetId},
        SYSDATE,
        SYSDATE,
        #{imageData}
        )
    </insert>


    <update id="updateReviewUrl"
            parameterType="Review">
        UPDATE REVIEWS
        SET IMAGE_URL = #{imageUrl}
        WHERE REVIEW_ID = #{reviewId}
    </update>

    <select id="selectGenerateReviewId"
            resultType="int">
        SELECT INT_SEQ.CURRVAL FROM DUAL
    </select>

    <select id="select"
            parameterType="int"
            resultType="Review">
        SELECT *
        FROM REVIEWS
        WHERE REVIEW_ID = #{reviewId}
    </select>

    <!-- Update -->
    <update id="update" parameterType="Review">
        UPDATE REVIEWS
        SET
            TITLE = #{title},
            CONTENT = #{content},
            RATING = #{rating},
            IMAGE_URL = #{imageUrl},
            AUTHOR_EMAIL = #{authorEmail},
            TARGET_ID = #{targetId},
            UPDATED_AT = SYSDATE,
            IMAGE_DATA = #{imageData}
        WHERE REVIEW_ID = #{reviewId}
    </update>

    <!-- Delete -->
    <delete id="delete" parameterType="int">
        DELETE FROM REVIEWS
        WHERE REVIEW_ID = #{reviewId}
    </delete>

    <select id="getTourId"
            resultType="Integer">
        SELECT TOUR_ID FROM TOUR

    </select>



    <!-- ReviewMapper.xml -->

        <!-- 로그인한 사용자의 리뷰 조회 -->
        <select id="getReviewsByEmail" resultType="com.simplecoding.simpledms.vo.review.Review">
            SELECT review_id AS reviewId,
                   title,
                   content,
                   rating,
                   image_url AS imageUrl,
                   author_email AS authorEmail,
                   target_id AS targetId,
                   created_at AS createdAt,
                   updated_at AS updatedAt,
                   image_data AS imageData
            FROM reviews
            WHERE author_email = #{authorEmail}
        </select>















</mapper>
