<?xml version="1.0" encoding="UTF-8"?>
<!DOCTYPE mapper PUBLIC "-//mybatis.org//DTD Mapper 3.0//EN" "http://mybatis.org/dtd/mybatis-3-mapper.dtd">

<mapper namespace="com.simplecoding.simpledms.mapper.main.TourMapper">
    <!-- 전체조회 : public List<?> selectTour(Criteria searchVO); -->
    <select id="selectTour" parameterType="Criteria" resultType="Tour">
        SELECT *
        FROM TOUR
        WHERE
            (#{pop} IS NULL OR "POP" LIKE '%'||#{pop}||'%')
          AND
            (#{view} IS NULL OR "VIEW" LIKE '%'||#{view}||'%')
          AND
            (CATEGORY LIKE '%'||#{searchKeyword}||'%')
        OFFSET #{pageIndex} * #{recordCountPerPage} ROWS
            FETCH NEXT #{recordCountPerPage} ROWS ONLY
    </select>

    <!-- 전체조회 _ 총건수 : public int selectTourTotCnt(Criteria searchVO); -->
    <select id="selectTourTotCnt" parameterType="Criteria" resultType="int">
        SELECT COUNT(*)
        FROM TOUR
        WHERE NAME LIKE '%' || #{searchKeyword} || '%'
    </select>

    <!-- 추가, 업로드 : public int insert(Tour tour);-->
    <insert id="insert" parameterType="Tour">

        INSERT INTO TOUR(TOUR_ID, NAME, LOCATION, TOUR_DATA, TOUR_FILE_URL, "VIEW", CATEGORY, "COMMENT", "POP")
        VALUES(TOUR_SEQ.NEXTVAL, #{name}, #{location}, #{tourData}, #{tourFileUrl}, #{view}, #{category},
               #{comment}, #{pop})
    </insert>

    <!-- URL 업데이트 : public int updateTourUrl(Tour tour); -->
    <update id="updateTourUrl" parameterType="Tour">
        UPDATE TOUR
        SET TOUR_FILE_URL = #{tourFileUrl}
        WHERE TOUR_ID = #{tourId}
    </update>

    <!-- 생성된 tourId를 조회 : public int selectGenerateTourId(); -->
    <select id="selectGenerateTourId" resultType="int">
        SELECT TOUR_SEQ.CURRVAL
        FROM DUAL
    </select>

    <!-- 상세조회 : public Optional<Tour> select(int tourId); -->
    <select id="select" parameterType="int" resultType="Tour">
        SELECT *
        FROM TOUR
        WHERE TOUR_ID = #{tourId}
    </select>

    <!-- 수정 : public int update(Tour tour); -->
    <update id="update" parameterType="Tour">
        UPDATE TOUR
        SET NAME = #{name}, LOCATION = #{location}, TOUR_DATA = #{tourData}, TOUR_FILE_URL = #{tourFileUrl},
            "VIEW" = #{view}, CATEGORY = #{category}, "COMMENT" = #{comment}, "POP" = #{pop}
        WHERE TOUR_ID = #{tourId}
    </update>

    <!-- 삭제 : public int delete(int tourId);-->
    <delete id="delete" parameterType="int">
        DELETE
        FROM TOUR
        WHERE TOUR_ID = #{tourId}
    </delete>

    <!-- 리뷰게시판 -->
    <select id="getTourName" parameterType="int" resultType="String">
        SELECT NAME FROM TOUR
        WHERE TOUR_ID = #{tourId}
    </select>

    <!-- 최저값 가져오기 -->
    <select id="getRoomMinPrice" parameterType="int" resultType="String">
        SELECT PRICE FROM ROOM
        WHERE TOUR_ID = #{tourId}
    </select>

</mapper>