<?xml version="1.0" encoding="UTF-8"?>
<!DOCTYPE mapper PUBLIC "-//mybatis.org//DTD Mapper 3.0//EN" "http://mybatis.org/dtd/mybatis-3-mapper.dtd">

<mapper namespace="com.simplecoding.simpledms.mapper.admin.AdminMapper">

    <!-- 게시물 목록 조회 -->
    <select id="selectAdminList"
            parameterType="Criteria"
            resultType="Admin">
        SELECT FNO, TITLE, QUESTION, ANSWER
        FROM FAQ
        WHERE TITLE LIKE '%' || #{searchkeyword} || '%'
        OFFSET #{pageIndex} * #{recordCountPerPage} ROWS FETCH NEXT #{recordCountPerPage} ROWS ONLY
    </select>

    <!-- 게시물 총 개수 조회 -->
    <select id="selectAdminListTotCnt"
            parameterType="Criteria"
            resultType="int">
        SELECT COUNT(*)
        FROM FAQ
        WHERE TITLE LIKE '%' || #{searchkeyword} || '%'
    </select>

    <!-- 게시물 추가 -->
    <insert id="insert"
            parameterType="Admin">
        INSERT INTO FAQ (FNO, TITLE, QUESTION, ANSWER)
        VALUES (SQ_FAQ.NEXTVAL, #{hashtag}, #{question}, #{answer})
    </insert>

    <!-- 게시물 조회 -->
    <select id="selectAdmin"
            parameterType="int"
            resultType="Admin">
        SELECT FNO, hashtag, QUESTION, ANSWER
        FROM FAQ
        WHERE FNO = #{fno}
    </select>

    <!-- 게시물 수정 -->
    <update id="update"
            parameterType="Admin">
        UPDATE FAQ
        SET HASHTAG = #{hashtag},
            QUESTION = #{question},
            ANSWER = #{answer}
        WHERE FNO = #{fno}
    </update>

    <!-- 게시물 삭제 -->
    <delete id="delete"
            parameterType="int">
        DELETE FROM FAQ
        WHERE FNO = #{fno}
    </delete>

</mapper>
