<?xml version="1.0" encoding="UTF-8"?>
<!DOCTYPE mapper PUBLIC "-//mybatis.org//DTD Mapper 3.0//EN" "http://mybatis.org/dtd/mybatis-3-mapper.dtd">
<mapper namespace="com.simplecoding.simpledms.mapper.faq.AnnounceMapper">
    <!--    insertAnnounce-->
    <!--    selectAnnounceById-->
    <!--    updateAnnounce-->
    <!--    deleteAnnounceById-->
    <!-- 전체 데이터 조회 -->
    <select id="selectAno" parameterType="map" resultType="Announce">
        SELECT *
        FROM ANNOUNCE
        WHERE TITLE LIKE '%' || #{searchKeyword} || '%'
        OFFSET #{pageIndex} * #{recordCountPerPage} ROWS FETCH NEXT #{recordCountPerPage} ROWS ONLY
    </select>

    <!-- 데이터 개수 조회 -->
    <select id="selectAnoCount" parameterType="map" resultType="int">
        SELECT COUNT(*)
        FROM ANNOUNCE
        WHERE TITLE LIKE '%' || #{searchKeyword} || '%'
    </select>

    <insert id="insertAnnounce" parameterType="Announce">
        INSERT INTO ANNOUNCE (ano, title, content, create_date)
        VALUES (INT_SEQ.NEXTVAL, #{title}, #{content}, #{createDate})
    </insert>

    <select id="selectAnnounceById" parameterType="int" resultType="Announce">
        SELECT *
        FROM ANNOUNCE
        WHERE ANO = #{ano}
    </select>

    <update id="updateAnnounce" parameterType="Announce">
        UPDATE ANNOUNCE
        SET TITLE  =#{title},

            CONTENT = #{content},
            CREATE_DATE   = #{createDate}
        WHERE ANO = #{ano}
    </update>

    <delete id="deleteAnnounceById" parameterType="int">
        DELETE
        FROM ANNOUNCE
        WHERE ANO = #{ano}
    </delete>
</mapper>
