<?xml version="1.0" encoding="UTF-8"?>
<!DOCTYPE mapper PUBLIC "-//mybatis.org//DTD Mapper 3.0//EN" "http://mybatis.org/dtd/mybatis-3-mapper.dtd">

<mapper namespace="com.simplecoding.simpledms.mapper.auth.MemberMapper">

    <!-- 회원가입 -->
    <insert id="insert" parameterType="Member">
        INSERT INTO MEMBER(EMAIL, PASSWORD, NAME, CODE_NAME, SSN)
        VALUES(#{email}, #{password}, #{name}, #{codeName}, #{ssn})
    </insert>

    <!-- 우리 회원인지 확인 -->
    <select id="existsById" parameterType="String" resultType="long">
        SELECT COUNT(*) FROM MEMBER
        WHERE EMAIL = #{email}
    </select>

    <!-- 회원 상세조회 -->
    <select id="selectMember" parameterType="String" resultType="Member">
        SELECT * FROM MEMBER
        WHERE EMAIL = #{email}
    </select>

    <!-- 이메일 찾기-->
    <select id="findEmail" parameterType="Member" resultType="String">
        SELECT EMAIL FROM MEMBER
        WHERE NAME = #{name} AND SSN = #{ssn}
    </select>

    <!-- 비밀번호 변경 -->
    <update id="updatePassword" parameterType="Member">
        UPDATE MEMBER
        SET PASSWORD = #{password}
        WHERE EMAIL = #{email} AND SSN = #{ssn}
    </update>

    <!-- 이메일과 주민등록번호로 상세조회 -->
    <select id="selectMemberByEmailAndSSN" parameterType="Member" resultType="Member">
        SELECT * FROM MEMBER
        WHERE EMAIL = #{email} AND SSN = #{ssn}
    </select>

</mapper>
